,instance_id,k,n,m,obj_greedy,obj_mip,ratio,time_greedy,time_mip
0,1,2,2,50,10.740139898079153,4.2549694110371705,2.5241403311196047,0.030444736999925226,0.7957090819982113
1,2,3,2,50,7.625655956419071,3.6140658918089437,2.109993615141923,0.02726319499197416,0.5541988140030298
2,3,4,2,50,3.2617885642775506,2.2373816389016663,1.4578597176111479,0.02812559000449255,0.7066055350005627
3,4,5,2,50,2.9585281647190396,1.6303680052841665,1.8146382627297573,0.027564825999434106,0.9047218600026099
4,5,6,2,50,2.2605987299400168,1.1318672201547502,1.997229612878925,0.028536407990031876,0.41754944098647684
5,6,7,2,50,1.6428357930730921,0.9704233744854891,1.6929062471770229,0.02940476000367198,0.5022845830098959
6,7,8,2,50,1.5279043144533058,1.1233918572469475,1.3600813505962925,0.03269641399674583,0.6797742120106705
7,8,9,2,50,1.0635615158397218,0.621214456274303,1.7120681997942693,0.031052644990268163,0.9300809380074497
8,9,10,2,50,1.453062575933754,0.7396833299929262,1.964438722645879,0.03641354199498892,0.4781540550029604
